{"meta": {"format": 3, "version": "7.10.7", "timestamp": "2025-11-25T23:57:47.742413", "branch_coverage": false, "show_contexts": false}, "files": {"src\\trade_analytics\\storage.py": {"executed_lines": [1, 31, 32, 33, 34, 35, 36, 37, 39, 40, 43, 47, 60, 66, 78, 79, 100, 107, 108, 112, 113, 114, 116, 122, 128, 133, 135, 139, 140, 142, 144, 154, 157, 158, 159, 161, 163, 164, 166, 167, 176, 178, 181, 186, 187, 188, 189, 194, 196, 202, 203, 204, 205, 206, 208, 220, 222, 225, 228, 239, 240, 241, 259, 279, 281, 282, 284, 285, 286, 288, 289, 290, 292, 293, 294, 296, 298, 299, 300, 301, 304, 305, 306, 308, 316, 327, 328, 338, 339, 340, 356, 366, 367, 369, 370, 371, 372, 375, 376, 377, 379, 387, 399, 400, 402, 403, 404, 405, 413, 425, 426, 428, 429, 430, 431, 439, 447, 448, 449, 450, 451, 459, 468, 477, 486], "summary": {"covered_lines": 123, "num_statements": 143, "percent_covered": 86.01398601398601, "percent_covered_display": "86", "missing_lines": 20, "excluded_lines": 0}, "missing_lines": [123, 136, 155, 190, 191, 192, 252, 253, 309, 310, 349, 350, 380, 381, 406, 407, 432, 433, 452, 453], "excluded_lines": [], "functions": {"TradeStore.__init__": {"executed_lines": [107, 108, 112, 113, 114], "summary": {"covered_lines": 5, "num_statements": 5, "percent_covered": 100.0, "percent_covered_display": "100", "missing_lines": 0, "excluded_lines": 0}, "missing_lines": [], "excluded_lines": []}, "TradeStore.__enter__": {"executed_lines": [122, 128, 133, 135, 139, 140, 142], "summary": {"covered_lines": 7, "num_statements": 9, "percent_covered": 77.77777777777777, "percent_covered_display": "78", "missing_lines": 2, "excluded_lines": 0}, "missing_lines": [123, 136], "excluded_lines": []}, "TradeStore.__exit__": {"executed_lines": [154, 157, 158, 159, 161, 163, 164], "summary": {"covered_lines": 7, "num_statements": 8, "percent_covered": 87.5, "percent_covered_display": "88", "missing_lines": 1, "excluded_lines": 0}, "missing_lines": [155], "excluded_lines": []}, "TradeStore._get_connection": {"executed_lines": [176, 178, 181, 186, 187, 188, 189, 194], "summary": {"covered_lines": 8, "num_statements": 11, "percent_covered": 72.72727272727273, "percent_covered_display": "73", "missing_lines": 3, "excluded_lines": 0}, "missing_lines": [190, 191, 192], "excluded_lines": []}, "TradeStore._create_tables": {"executed_lines": [202, 203, 204, 205, 206], "summary": {"covered_lines": 5, "num_statements": 5, "percent_covered": 100.0, "percent_covered_display": "100", "missing_lines": 0, "excluded_lines": 0}, "missing_lines": [], "excluded_lines": []}, "TradeStore.save_trade": {"executed_lines": [220, 222, 225, 228, 239, 240, 241], "summary": {"covered_lines": 7, "num_statements": 9, "percent_covered": 77.77777777777777, "percent_covered_display": "78", "missing_lines": 2, "excluded_lines": 0}, "missing_lines": [252, 253], "excluded_lines": []}, "TradeStore.get_trades": {"executed_lines": [279, 281, 282, 284, 285, 286, 288, 289, 290, 292, 293, 294, 296, 298, 299, 300, 301, 304, 305, 306, 308], "summary": {"covered_lines": 21, "num_statements": 23, "percent_covered": 91.30434782608695, "percent_covered_display": "91", "missing_lines": 2, "excluded_lines": 0}, "missing_lines": [309, 310], "excluded_lines": []}, "TradeStore.save_position": {"executed_lines": [327, 328, 338, 339, 340], "summary": {"covered_lines": 5, "num_statements": 7, "percent_covered": 71.42857142857143, "percent_covered_display": "71", "missing_lines": 2, "excluded_lines": 0}, "missing_lines": [349, 350], "excluded_lines": []}, "TradeStore.get_positions": {"executed_lines": [366, 367, 369, 370, 371, 372, 375, 376, 377, 379], "summary": {"covered_lines": 10, "num_statements": 12, "percent_covered": 83.33333333333333, "percent_covered_display": "83", "missing_lines": 2, "excluded_lines": 0}, "missing_lines": [380, 381], "excluded_lines": []}, "TradeStore.delete_trade": {"executed_lines": [399, 400, 402, 403, 404, 405], "summary": {"covered_lines": 6, "num_statements": 8, "percent_covered": 75.0, "percent_covered_display": "75", "missing_lines": 2, "excluded_lines": 0}, "missing_lines": [406, 407], "excluded_lines": []}, "TradeStore.delete_position": {"executed_lines": [425, 426, 428, 429, 430, 431], "summary": {"covered_lines": 6, "num_statements": 8, "percent_covered": 75.0, "percent_covered_display": "75", "missing_lines": 2, "excluded_lines": 0}, "missing_lines": [432, 433], "excluded_lines": []}, "TradeStore.clear_all": {"executed_lines": [447, 448, 449, 450, 451], "summary": {"covered_lines": 5, "num_statements": 7, "percent_covered": 71.42857142857143, "percent_covered_display": "71", "missing_lines": 2, "excluded_lines": 0}, "missing_lines": [452, 453], "excluded_lines": []}, "TradeStore._row_to_trade": {"executed_lines": [468], "summary": {"covered_lines": 1, "num_statements": 1, "percent_covered": 100.0, "percent_covered_display": "100", "missing_lines": 0, "excluded_lines": 0}, "missing_lines": [], "excluded_lines": []}, "TradeStore._row_to_position": {"executed_lines": [486], "summary": {"covered_lines": 1, "num_statements": 1, "percent_covered": 100.0, "percent_covered_display": "100", "missing_lines": 0, "excluded_lines": 0}, "missing_lines": [], "excluded_lines": []}, "": {"executed_lines": [1, 31, 32, 33, 34, 35, 36, 37, 39, 40, 43, 47, 60, 66, 78, 79, 100, 116, 144, 166, 167, 196, 208, 259, 316, 356, 387, 413, 439, 459, 477], "summary": {"covered_lines": 29, "num_statements": 29, "percent_covered": 100.0, "percent_covered_display": "100", "missing_lines": 0, "excluded_lines": 0}, "missing_lines": [], "excluded_lines": []}}, "classes": {"TradeStore": {"executed_lines": [107, 108, 112, 113, 114, 122, 128, 133, 135, 139, 140, 142, 154, 157, 158, 159, 161, 163, 164, 176, 178, 181, 186, 187, 188, 189, 194, 202, 203, 204, 205, 206, 220, 222, 225, 228, 239, 240, 241, 279, 281, 282, 284, 285, 286, 288, 289, 290, 292, 293, 294, 296, 298, 299, 300, 301, 304, 305, 306, 308, 327, 328, 338, 339, 340, 366, 367, 369, 370, 371, 372, 375, 376, 377, 379, 399, 400, 402, 403, 404, 405, 425, 426, 428, 429, 430, 431, 447, 448, 449, 450, 451, 468, 486], "summary": {"covered_lines": 94, "num_statements": 114, "percent_covered": 82.45614035087719, "percent_covered_display": "82", "missing_lines": 20, "excluded_lines": 0}, "missing_lines": [123, 136, 155, 190, 191, 192, 252, 253, 309, 310, 349, 350, 380, 381, 406, 407, 432, 433, 452, 453], "excluded_lines": []}, "": {"executed_lines": [1, 31, 32, 33, 34, 35, 36, 37, 39, 40, 43, 47, 60, 66, 78, 79, 100, 116, 144, 166, 167, 196, 208, 259, 316, 356, 387, 413, 439, 459, 477], "summary": {"covered_lines": 29, "num_statements": 29, "percent_covered": 100.0, "percent_covered_display": "100", "missing_lines": 0, "excluded_lines": 0}, "missing_lines": [], "excluded_lines": []}}}}, "totals": {"covered_lines": 123, "num_statements": 143, "percent_covered": 86.01398601398601, "percent_covered_display": "86", "missing_lines": 20, "excluded_lines": 0}}