{"meta": {"format": 3, "version": "7.10.7", "timestamp": "2025-11-26T00:21:45.456787", "branch_coverage": false, "show_contexts": false}, "files": {"src\\trade_analytics\\cli.py": {"executed_lines": [1, 12, 13, 14, 15, 16, 17, 19, 20, 23, 36, 42, 47, 50, 54, 60, 63, 67, 72, 77, 82, 88, 91, 95, 101, 103, 106, 118, 119, 120, 121, 126, 136, 137, 138, 139, 141, 144, 154, 155, 158, 166, 168, 169, 170, 200, 219, 220, 223, 226, 227, 230, 233, 238, 241, 254, 275, 288, 289, 310, 323, 324, 325, 327, 330, 340, 341, 344, 345, 348, 351, 352, 353, 354, 357, 362, 365, 380, 405, 420, 422, 423, 448, 463, 464, 468, 470, 473, 482, 483, 484, 485, 487, 490, 496, 518, 524, 525, 569, 582, 584, 586, 588, 592, 595, 597, 603, 619, 621, 624, 626, 627, 628, 631, 632, 635, 636, 637, 640, 641, 643, 645, 646, 649, 651, 654, 656, 657, 659, 665, 678, 680, 681, 683, 684, 686, 687, 689, 691, 693, 695, 697, 698, 699, 700, 702, 708, 719, 721, 722, 723, 724, 736], "summary": {"covered_lines": 152, "num_statements": 175, "percent_covered": 86.85714285714286, "percent_covered_display": "87", "missing_lines": 23, "excluded_lines": 1}, "missing_lines": [183, 185, 598, 599, 600, 650, 652, 660, 661, 662, 703, 704, 705, 725, 726, 727, 728, 729, 730, 731, 732, 733, 737], "excluded_lines": [203], "functions": {"create_parser": {"executed_lines": [42, 47, 50, 54, 60, 63, 67, 72, 77, 82, 88, 91, 95, 101, 103], "summary": {"covered_lines": 15, "num_statements": 15, "percent_covered": 100.0, "percent_covered_display": "100", "missing_lines": 0, "excluded_lines": 0}, "missing_lines": [], "excluded_lines": []}, "parse_date": {"executed_lines": [118, 119, 120, 121], "summary": {"covered_lines": 4, "num_statements": 4, "percent_covered": 100.0, "percent_covered_display": "100", "missing_lines": 0, "excluded_lines": 0}, "missing_lines": [], "excluded_lines": []}, "format_currency": {"executed_lines": [136, 137, 138, 139, 141], "summary": {"covered_lines": 5, "num_statements": 5, "percent_covered": 100.0, "percent_covered_display": "100", "missing_lines": 0, "excluded_lines": 0}, "missing_lines": [], "excluded_lines": []}, "format_number": {"executed_lines": [154, 155], "summary": {"covered_lines": 2, "num_statements": 2, "percent_covered": 100.0, "percent_covered_display": "100", "missing_lines": 0, "excluded_lines": 0}, "missing_lines": [], "excluded_lines": []}, "get_box_chars": {"executed_lines": [166, 168, 169, 170], "summary": {"covered_lines": 4, "num_statements": 6, "percent_covered": 66.66666666666667, "percent_covered_display": "67", "missing_lines": 2, "excluded_lines": 0}, "missing_lines": [183, 185], "excluded_lines": []}, "format_positions_table": {"executed_lines": [219, 220, 223, 226, 227, 230, 233, 238, 241, 254, 275, 288, 289, 310, 323, 324, 325, 327], "summary": {"covered_lines": 18, "num_statements": 18, "percent_covered": 100.0, "percent_covered_display": "100", "missing_lines": 0, "excluded_lines": 1}, "missing_lines": [], "excluded_lines": [203]}, "format_trades_table": {"executed_lines": [340, 341, 344, 345, 348, 351, 352, 353, 354, 357, 362, 365, 380, 405, 420, 422, 423, 448, 463, 464, 468, 470], "summary": {"covered_lines": 22, "num_statements": 22, "percent_covered": 100.0, "percent_covered_display": "100", "missing_lines": 0, "excluded_lines": 0}, "missing_lines": [], "excluded_lines": []}, "format_error": {"executed_lines": [482, 483, 484, 485, 487], "summary": {"covered_lines": 5, "num_statements": 5, "percent_covered": 100.0, "percent_covered_display": "100", "missing_lines": 0, "excluded_lines": 0}, "missing_lines": [], "excluded_lines": []}, "get_sample_positions": {"executed_lines": [496], "summary": {"covered_lines": 1, "num_statements": 1, "percent_covered": 100.0, "percent_covered_display": "100", "missing_lines": 0, "excluded_lines": 0}, "missing_lines": [], "excluded_lines": []}, "get_sample_trades": {"executed_lines": [524, 525], "summary": {"covered_lines": 2, "num_statements": 2, "percent_covered": 100.0, "percent_covered_display": "100", "missing_lines": 0, "excluded_lines": 0}, "missing_lines": [], "excluded_lines": []}, "cmd_portfolio": {"executed_lines": [582, 584, 586, 588, 592, 595, 597], "summary": {"covered_lines": 7, "num_statements": 10, "percent_covered": 70.0, "percent_covered_display": "70", "missing_lines": 3, "excluded_lines": 0}, "missing_lines": [598, 599, 600], "excluded_lines": []}, "cmd_history": {"executed_lines": [619, 621, 624, 626, 627, 628, 631, 632, 635, 636, 637, 640, 641, 643, 645, 646, 649, 651, 654, 656, 657, 659], "summary": {"covered_lines": 22, "num_statements": 27, "percent_covered": 81.48148148148148, "percent_covered_display": "81", "missing_lines": 5, "excluded_lines": 0}, "missing_lines": [650, 652, 660, 661, 662], "excluded_lines": []}, "cmd_analyze": {"executed_lines": [678, 680, 681, 683, 684, 686, 687, 689, 691, 693, 695, 697, 698, 699, 700, 702], "summary": {"covered_lines": 16, "num_statements": 19, "percent_covered": 84.21052631578948, "percent_covered_display": "84", "missing_lines": 3, "excluded_lines": 0}, "missing_lines": [703, 704, 705], "excluded_lines": []}, "main": {"executed_lines": [719, 721, 722, 723, 724], "summary": {"covered_lines": 5, "num_statements": 14, "percent_covered": 35.714285714285715, "percent_covered_display": "36", "missing_lines": 9, "excluded_lines": 0}, "missing_lines": [725, 726, 727, 728, 729, 730, 731, 732, 733], "excluded_lines": []}, "": {"executed_lines": [1, 12, 13, 14, 15, 16, 17, 19, 20, 23, 36, 106, 126, 144, 158, 200, 330, 473, 490, 518, 569, 603, 665, 708, 736], "summary": {"covered_lines": 24, "num_statements": 25, "percent_covered": 96.0, "percent_covered_display": "96", "missing_lines": 1, "excluded_lines": 0}, "missing_lines": [737], "excluded_lines": []}}, "classes": {"": {"executed_lines": [1, 12, 13, 14, 15, 16, 17, 19, 20, 23, 36, 42, 47, 50, 54, 60, 63, 67, 72, 77, 82, 88, 91, 95, 101, 103, 106, 118, 119, 120, 121, 126, 136, 137, 138, 139, 141, 144, 154, 155, 158, 166, 168, 169, 170, 200, 219, 220, 223, 226, 227, 230, 233, 238, 241, 254, 275, 288, 289, 310, 323, 324, 325, 327, 330, 340, 341, 344, 345, 348, 351, 352, 353, 354, 357, 362, 365, 380, 405, 420, 422, 423, 448, 463, 464, 468, 470, 473, 482, 483, 484, 485, 487, 490, 496, 518, 524, 525, 569, 582, 584, 586, 588, 592, 595, 597, 603, 619, 621, 624, 626, 627, 628, 631, 632, 635, 636, 637, 640, 641, 643, 645, 646, 649, 651, 654, 656, 657, 659, 665, 678, 680, 681, 683, 684, 686, 687, 689, 691, 693, 695, 697, 698, 699, 700, 702, 708, 719, 721, 722, 723, 724, 736], "summary": {"covered_lines": 152, "num_statements": 175, "percent_covered": 86.85714285714286, "percent_covered_display": "87", "missing_lines": 23, "excluded_lines": 1}, "missing_lines": [183, 185, 598, 599, 600, 650, 652, 660, 661, 662, 703, 704, 705, 725, 726, 727, 728, 729, 730, 731, 732, 733, 737], "excluded_lines": [203]}}}}, "totals": {"covered_lines": 152, "num_statements": 175, "percent_covered": 86.85714285714286, "percent_covered_display": "87", "missing_lines": 23, "excluded_lines": 1}}